pollutant,units,measurement_count,percentage_of_total,avg_value,min_value,max_value,,,
pm10,Âµg/mÂ³,737,17.2,19.49,2,106,,,
pm25,Âµg/mÂ³,737,17.2,5.74,0.8,39.9,,,
o3,ppm,728,16.99,0.02,0,0.05,,,
co,ppm,727,16.97,0.26,0,1.1,,,
so2,ppm,689,16.08,0,0,0,,,
no2,ppm,666,15.55,0.03,0,0.13,,,
,,,,,,,,,
What are the main air pollutants recorded in this dataset and which pollutants appear most frequently?,,,,,,,,,
,,,,,,,,,
I'll analyze the air pollutants in your dataset to identify what's being measured and their frequency.,,,,,,,,,
Query executed,,,,,,,,,
"Your dataset tracks 6 main air pollutants, all measured fairly evenly across the monitoring period:",,,,,,,,,
,,,,,,,,,
Particulate Matter (measured in µg/m³):,,,,,,,,,
,,,,,,,,,
"PM10 - 737 measurements (17.2%) - Coarse particles with average of 19.49 µg/m³, ranging up to 106 µg/m³",,,,,,,,,
"PM2.5 - 737 measurements (17.2%) - Fine particles with average of 5.74 µg/m³, peaking at 39.9 µg/m³",,,,,,,,,
,,,,,,,,,
Gaseous Pollutants (measured in ppm):,,,,,,,,,
,,,,,,,,,
Ozone (O3) - 728 measurements (17.0%) - Average 0.02 ppm,,,,,,,,,
"Carbon Monoxide (CO) - 727 measurements (17.0%) - Average 0.26 ppm, reaching up to 1.1 ppm",,,,,,,,,
Sulfur Dioxide (SO2) - 689 measurements (16.1%) - Consistently at 0 ppm (no detection),,,,,,,,,
Nitrogen Dioxide (NO2) - 666 measurements (15.6%) - Average 0.03 ppm,,,,,,,,,
,,,,,,,,,
"PM10 and PM2.5 appear most frequently with 737 measurements each, though all pollutants are monitored at similar rates. ",,,,,,,,,
"The particulate matter shows the most variation and highest concentrations, while SO2 shows no detectable levels throughout the monitoring period.",,,,,,,,,
